จะ	ja	100
ของ	khong	100
ว่า	wa	100
ก็	ko	100
ก็	gor	85
ก็	kor	80
ได้	dai	100
ได้	day	85
กัน	kan	100
กัน	gan	85
การ	kan	100
การ	karn	90
การ	gan	80
ความ	khwam	100
ความ	kwam	90
ต้อง	tong	100
นี้	nee	100
นี้	ni	90
ด้วย	duay	100
ด้วย	duy	85
ผู้	phu	100
ผู้	poo	90
ซึ่ง	sueng	100
ซึ่ง	seung	90
ซึ่ง	sung	75
มาก	mak	100
ตาม	tam	100
นั้น	nan	100
โดย	doy	100
โดย	doi	90
เพื่อ	phuea	100
เพื่อ	pua	90
เพื่อ	peua	85
เรื่อง	reuang	100
เรื่อง	ruang	90
เรื่อง	rueang	85
อีก	eek	100
อีก	ik	85
จึง	jung	100
จึง	jeung	90
เมื่อ	muea	100
เมื่อ	mua	90
เมื่อ	meua	85
กว่า	kwa	100
ไว้	wai	100
ไว้	way	85
ไทย	thai	100
ไทย	thay	85
ถ้า	ta	100
เวลา	wela	100
เวลา	welaa	85
ต่อ	tor	100
ต่อ	to	90
ต่าง	tang	100
ส่วน	suan	100
ทั้ง	tang	100
แบบ	baep	100
แบบ	baeb	90
แบบ	bab	85
ทุก	took	100
ทุก	tuk	90
ก่อน	kon	100
ก่อน	korn	90
อาจ	at	100
อาจ	ard	85
เช่น	chen	100
แห่ง	haeng	100
สามารถ	samat	100
สามารถ	samart	90
นำ	nam	100
นำ	num	80
อื่น	uen	100
อื่น	eun	90
จน	jon	100
ด้าน	dan	100
ชีวิต	chiwit	100
ชีวิต	cheewit	90
สิ่ง	sing	100
ได้รับ	dairap	100
ได้รับ	dayrap	85
พระ	pra	100
พระ	phra	90
นี่	nee	100
นี่	ni	90
หลาย	lai	100
หลาย	lay	90
เหมือน	meuan	100
เหมือน	muean	90
เหมือน	mean	80
ปัญหา	panha	100
สังคม	sangkhom	100
กลุ่ม	klum	100
กลุ่ม	kloom	85
คำ	kham	100
คำ	kam	85
ใด	dai	100
ใด	day	85
คง	khong	100
เสียง	siang	100
เสียง	seang	85
สำหรับ	samrap	100
สำหรับ	sumrap	85
แสดง	sadaeng	100
แสดง	sadang	85
สร้าง	sang	100
สร้าง	srang	85
กำลัง	kamlang	100
ผล	phon	100
ผล	pol	85
โลก	lok	100
กำหนด	kamnot	100
กำหนด	gamnot	85
ระบบ	rabop	100
ระบบ	rabob	85
เอง	eng	100
ขอ	kho	100
ที่สุด	teesut	100
ที่สุด	thisud	85
เสีย	sia	100
เสีย	sear	80
แก่	kae	100
แก่	gae	90
แก่	kair	75
ควร	khuan	100
ควร	kuan	90
ควร	khuon	80
พอ	por	100
พอ	paw	90
พอ	po	85
น้อย	noi	100
น้อย	noy	90
สี	see	100
สี	si	90
น่า	na	100
ร่วม	ruam	100
พัฒนา	pattana	100
พัฒนา	phatthana	85
หาก	hak	100
เดียว	diao	100
เดียว	diew	90
เดียว	deow	80
กรณี	karanee	100
กรณี	koranee	85
กรณี	karani	80
มาตรา	matra	100
กฎหมาย	kotmai	100
กฎหมาย	kodmai	85
ระดับ	radap	100
เกี่ยวกับ	kiawkap	100
เกี่ยวกับ	keawkap	88
เกี่ยวกับ	kiaokap	80
ดังกล่าว	dangklao	100
ดังกล่าว	dangklaow	85
นัก	nak	100
จัด	jat	100
จัด	chat	85
กล่าว	klao	100
กล่าว	glao	85
ช่วง	chuang	100
เพียง	piang	100
เพียง	phiang	85
ฝ่าย	fai	100
ฝ่าย	fay	85
ลักษณะ	laksana	100
ลักษณะ	luksana	85
จำนวน	chamnuan	100
จำนวน	jamnuan	95
ตน	ton	100
ข้อ	kho	100
รวม	ruam	100
รวม	ruem	80
สาว	sao	100
สาว	saow	85
บ้าง	bang	100
บุคคล	bukkhon	100
บุคคล	bukkon	90
บุคคล	bookkon	80
พิจารณา	pijarana	100
พิจารณา	pijaranaa	85
อำนาจ	amnat	100
ภาพ	phap	100
ผ่าน	phan	100
ข้อมูล	khomun	100
ข้อมูล	kormoon	85
ค่า	ka	100
ยิ่ง	ying	100
เพิ่ม	perm	100
เพิ่ม	poem	85
เพิ่ม	peum	80
ตั้งแต่	tangtae	100
ตั้งแต่	tungtae	85
ทรง	song	100
ทรง	srong	75
เศรษฐกิจ	sedthakit	100
เศรษฐกิจ	setthakit	95
เศรษฐกิจ	sethakit	85
วันที่	wanthi	100
วันที่	wanti	90
ต่อไป	torpai	100
ต่อไป	topai	90
ต่อไป	tawpai	80
กระทำ	kratham	100
กระทำ	gratam	85
ไหน	nai	100
ไหน	nay	85
ตั้ง	tang	100
ภาษา	phasa	100
ภาษา	pasa	90
รัฐ	rat	100
รัฐ	ratta	80
ก็ได้	kodai	100
ก็ได้	gordai	85
ก็ได้	kordai	80
ตอน	ton	100
ตอน	torn	85
รู้สึก	ruseuk	100
รู้สึก	roosuek	85
การศึกษา	kansueksa	100
การศึกษา	karnsueksa	90
การศึกษา	kansuksa	80
ขนาด	khanad	100
ขนาด	kanat	85
เท่านั้น	taonan	100
เท่านั้น	thaonan	85
ชื่อ	chue	100
ชื่อ	cheu	90
ชื่อ	chu	80
ชาติ	chat	100
ชาติ	chart	90
รัฐบาล	rattaban	100
รัฐบาล	ratthaban	90
ผิด	pit	100
ผิด	phid	85
นาน	nan	100
หลัก	lak	100
ละ	la	100
ภายใน	painai	100
ภายใน	phainai	85
แต่ละ	taela	100
แต่ละ	taelae	85
จีน	jeen	100
เรียก	riak	100
เรียก	reak	85
ประชาชน	prachachon	100
ผลิต	phalit	100
ผลิต	palit	90
หมด	mot	100
มนุษย์	manut	100
มนุษย์	manoot	90
มนุษย์	manussaya	75
การเมือง	karnmuang	100
การเมือง	kanmuang	90
การเมือง	karnmueang	85
พร้อม	prom	100
พร้อม	phrom	85
มัก	mak	100
ชาว	chao	100
ชาว	chaow	85
เสนอ	sanoe	100
เสนอ	saner	85
เสนอ	sanur	80
ปฏิบัติ	patibat	100
ปฏิบัติ	pati	80
รักษา	raksa	100
เลือก	leuak	100
เลือก	luak	90
เลือก	lueak	85
ก็คือ	gokhue	100
ก็คือ	gorkue	85
ก็คือ	kokhue	80
ระยะ	raya	100
ตลอด	talod	100
ตลอด	talot	90
สู่	su	100
สู่	soo	90
ความคิด	kwamkit	100
ความคิด	khwamkhid	90
หรือไม่	ruemai	100
หรือไม่	reumai	90
หรือไม่	luemai	75
หน้าที่	natee	100
หน้าที่	nathi	85
ผู้หญิง	phuying	100
ผู้หญิง	puying	90
ผู้หญิง	phooying	85
เก็บ	kep	100
เดียวกัน	diaokan	100
เดียวกัน	diawkan	90
เดียวกัน	diowkan	80
ศึกษา	suksa	100
ศึกษา	seuksa	90
ชั้น	chan	100
ประโยชน์	prayot	100
ประโยชน์	prayoht	85
สิทธิ	sit	100
สิทธิ	sitti	90
สิทธิ	sithi	85
แค่	kae	100
แค่	khae	90
เปลี่ยน	plian	100
เปลี่ยน	plien	90
เปลี่ยน	pliean	80
ปัจจุบัน	patjuban	100
ปัจจุบัน	patchuban	90
เจ้า	jao	100
เจ้า	chao	85
พื้นที่	puenti	100
พื้นที่	peunti	90
พื้นที่	phuenthee	80
คณะกรรมการ	kanakammakan	100
คณะกรรมการ	kanagammakan	85
ตำแหน่ง	tamnaeng	100
ตำแหน่ง	tumnaeng	85
วิธี	witi	100
วิธี	withee	90
ประจำ	prajam	100
ประจำ	pracham	85
พยายาม	payayam	100
พยายาม	phayayam	90
เนื่องจาก	nueangjak	100
เนื่องจาก	nuangjak	90
เนื่องจาก	neuangjak	85
โอกาส	okat	100
โอกาส	okas	90
แม้	mae	100
อย่า	ya	100
สมัย	samai	100
สมัย	samay	85
สัมพันธ์	sampan	100
สัมพันธ์	samphan	90
ประเภท	pratet	100
ประเภท	praphet	85
วัฒนธรรม	watthanatham	100
วัฒนธรรม	wattanatam	90
เหตุ	het	100
เหตุ	hed	85
ตนเอง	toneng	100
ตนเอง	tonaeng	85
สัก	sak	100
นั่น	nan	100
สินค้า	sinka	100
เดิม	derm	100
เดิม	doem	85
จำเป็น	jampen	100
จำเป็น	champen	80
เปลี่ยนแปลง	plianplaeng	100
เปลี่ยนแปลง	plienplang	88
ถือ	thue	100
ถือ	theu	90
ถือ	tu	75
ประกอบ	prakop	100
ชนิด	chanit	100
กระทรวง	krasuang	100
กระทรวง	kratruang	85
กระทรวง	grasuang	80
ปรากฏ	prakot	100
ปรากฏ	bprakot	80
แล้วก็	laewgor	100
แล้วก็	laewko	90
แล้วก็	laeoko	85
ดำเนินการ	damnoenkan	100
ดำเนินการ	damneunkan	90
ดำเนินการ	damnernkan	85
รู้จัก	rujak	100
รู้จัก	roojak	90
เกิน	goen	100
เกิน	kern	90
โดยเฉพาะ	doichaphor	100
โดยเฉพาะ	doeichapho	90
โดยเฉพาะ	doychapaw	80
ทั้งหมด	thangmot	100
ทั้งหมด	tangmod	85
ดังนั้น	dangnan	100
บริการ	borikan	100
บริการ	borigan	85
ทราบ	sap	100
ทราบ	saab	90
ประมาณ	praman	100
โครงการ	krongkan	100
จุด	jood	100
จุด	jut	85
ภาค	phak	100
ตัวอย่าง	tuayang	100
ตัวอย่าง	tuayaang	85
เรียกว่า	riakwa	100
เรียกว่า	reakwa	85
เรียกว่า	riagwa	75
หรอก	rok	100
หรอก	lok	80
โรค	rok	100
อายุ	ayu	100
อาการ	akan	100
อาการ	aakaan	85
พา	pa	100
เหล่านี้	laonee	100
เหล่านี้	laoni	90
วิธีการ	witheekan	100
วิธีการ	witikan	90
ความรู้สึก	khwamruseuk	100
ความรู้สึก	kwamrusuk	90
ความรู้สึก	khwamroosuek	80
แทน	taen	100
แทน	tan	85
ที่อยู่	teeyoo	100
ที่อยู่	tiyu	85
ราชการ	ratchakan	100
ราชการ	rachakan	90
แตกต่าง	taektang	100
แตกต่าง	taektaang	85
คณะ	kana	100
คณะ	khana	90
นา	na	100
ไหม	mai	100
ไหม	may	85
สภา	sapha	100
สภา	sapa	85
สภาพ	saphap	100
สภาพ	sapap	90
ที	tee	100
ที	ti	85
พรรค	phak	100
พรรค	pak	90
นาง	nang	100
กลายเป็น	klaipen	100
กลายเป็น	klaaipen	85
จับ	jab	100
จับ	chap	80
วิจัย	wijai	100
วิจัย	wichai	85
หัน	han	100
แนว	naew	100
แนว	nair	80
ประกาศ	prakat	100
ประกาศ	prakard	85
แรง	raeng	100
แรง	reng	85
ไม่ว่า	maiwa	100
ไม่ว่า	maywa	85
ยก	yok	100
เฉพาะ	chaphoh	100
เฉพาะ	chapo	90
เฉพาะ	chapao	80
อาศัย	asai	100
อาศัย	asay	85
ย่อม	yom	100
เท่า	tao	100
ความรู้	khwamru	100
ความรู้	kwamru	90
นโยบาย	nayobai	100
นโยบาย	nayobaai	85
นโยบาย	nayobay	85
ยอม	yom	100
ราย	rai	100
ราย	ray	85
ควบคุม	khuabkhum	100
ควบคุม	kuabkum	90
ควบคุม	khuapkhoom	80
วาง	wang	100
ธรรมชาติ	thammachat	100
ธรรมชาติ	tammachat	85
ส่วนใหญ่	suanyai	100
ส่วนใหญ่	suanyay	85
ปกติ	pokati	100
ปกติ	pakati	85
ปกติ	pokti	80
ประการ	prakan	100
บริหาร	borihan	100
บริหาร	boriharn	90
สัญญา	sanya	100
สัญญา	sunya	80
สมาชิก	samachik	100
หลังจาก	langjak	100
นิยม	niyom	100
ต้น	ton	100
อนุญาต	anuyat	100
อนุญาต	anuyaat	85
ญี่ปุ่น	yipun	100
ญี่ปุ่น	yeepoon	88
เปล่า	plao	100
เปล่า	blao	80
แก้ไข	kaekhai	100
แก้ไข	gaekhai	85
ร่าง	rang	100
เพลง	pleng	100
ทางการ	thangkan	100
ทางการ	thangkarn	90
พิเศษ	piset	100
พิเศษ	pised	85
จัดการ	jatkan	100
จัดการ	jadkan	85
เป็นต้น	penton	100
เป็นต้น	pental	80
ทั้งนี้	tangni	100
ทั้งนี้	thangnee	90
ความหมาย	khwammai	100
ความหมาย	kwammai	90
ความหมาย	khwammay	85
บริเวณ	boriwen	100
บริเวณ	boriween	90
บริเวณ	borriwen	80
ยุค	yuk	100
สัตว์	sat	100
บท	bot	100
ดูแล	doolae	100
ดูแล	dulae	90
เขต	khet	100
รวมทั้ง	ruamtang	100
รวมทั้ง	ruamthang	90
รวมทั้ง	roumtang	80
บังคับ	bangkhap	100
อัตรา	attra	100
อัตรา	atra	90
ไม้	mai	100
ไม้	may	85
เชิง	choeng	100
เชิง	cherng	90
เชิง	churng	80
ได้แก่	daikae	100
ได้แก่	daikaae	85
สำนักงาน	samnakngan	100
ทันที	tanti	100
ทันที	tuntee	90
ตรวจ	truat	100
ตรวจ	truad	85
เจ้าของ	jaokhong	100
เจ้าของ	chaokhong	85
ยอมรับ	yomrap	100
ยอมรับ	yomrub	88
สัมภาษณ์	sampat	100
สัมภาษณ์	samphas	85
ผู้ชาย	phuchai	100
ผู้ชาย	poochai	90
ผู้ชาย	phuchay	80
ชุมชน	chumchon	100
ขาด	khat	100
นอกจาก	nokjak	100
นอกจาก	nokchak	85
ทั่ว	thua	100
ทั่ว	tua	85
รายงาน	raingan	100
รายงาน	raingaan	85
เจ้าหน้าที่	jaonati	100
เจ้าหน้าที่	chaonathi	85
ฉบับ	chabap	100
ฉบับ	chabub	85
ฐานะ	thana	100
ไง	ngai	100
ไง	ngay	85
ยังไง	yangngai	100
ยังไง	yangai	85
มิ	mi	100
สถาบัน	sathaban	100
ประธาน	prathan	100
ปรับ	prap	100
ปรับ	brap	80
สนับสนุน	sanapsanun	100
สนับสนุน	sanubsanun	85
โต	to	100
โต	toe	85
แพทย์	paet	100
แพทย์	pat	85
เกี่ยวข้อง	kiawkhong	100
เกี่ยวข้อง	keawkhong	85
เกี่ยวข้อง	kiaokhong	80
ดังนี้	dangnee	100
ดังนี้	dangni	90
เสมอ	samer	100
เสมอ	samoe	90
เสมอ	sameu	80
หล่อน	lon	100
แก้	kae	100
แก้	gae	90
แก้	kair	75
ทหาร	tahan	100
เหลือ	luea	100
เหลือ	lua	90
เหลือ	leua	85
เครื่อง	krueang	100
เครื่อง	kruang	90
เครื่อง	kreuang	80
ระเบียบ	rabiap	100
ระเบียบ	rabieb	90
อารมณ์	arom	100
วิเคราะห์	wikhro	100
วิเคราะห์	wikrao	85
ช่วยเหลือ	chuayluea	100
ช่วยเหลือ	chuaylua	88
ช่วยเหลือ	chuaylur	80
ยังคง	yangkhong	100
จิต	jit	100
จิต	chit	85
รีบ	rib	100
ปล่อย	ploi	100
ปล่อย	ploy	90
เหตุผล	hetphon	100
เหตุผล	hedphol	85
เหตุผล	hetupon	80
ต่างประเทศ	tangpratet	100
ต่างประเทศ	tangprathet	90
สั่ง	sang	100
มิได้	midai	100
แบ่ง	baeng	100
แบ่ง	bang	80
ปกครอง	pokkrong	100
ถือว่า	thuewa	100
ถือว่า	tuwa	85
ถือว่า	thuwa	85
เน้น	nen	100
รูปแบบ	ruupbaep	100
รูปแบบ	roopbaeb	90
รูปแบบ	rupbab	80
เต็ม	tem	100
ความสำคัญ	khwamsamkhan	100
ความสำคัญ	kwamsamkan	90
ธุรกิจ	thurakit	100
ธุรกิจ	thurakij	85
หมายถึง	maitueng	100
หมายถึง	maithueng	90
หมายถึง	maytueng	80
ชัดเจน	chatjen	100
นับ	nap	100
โอ	oh	100
โอ	o	90
อังกฤษ	angkrit	100
อังกฤษ	angrit	85
ร่างกาย	rangkai	100
ร่างกาย	rangkay	88
สนใจ	sonjai	100
สนใจ	sonchai	85
ทั่วไป	tuapai	100
ทั่วไป	thuapai	85
ความผิด	khwamphit	100
ความผิด	kwampid	90
ต่ำ	tam	100
ต่ำ	dtam	90
ต่ำ	tum	80
ศาล	san	100
ศาล	saan	85
ต่อมา	tomaa	100
มากมาย	makmai	100
แรงงาน	raengngan	100
แรงงาน	rangngan	85
สาร	san	100
สาร	saan	85
รายได้	raidai	100
รายได้	raydai	85
เหตุการณ์	hetkan	100
เหตุการณ์	hedkan	85
เหตุการณ์	haetkan	75
ไอ้	ai	100
ไอ้	ay	85
อธิบาย	athibai	100
อธิบาย	atibay	85
กระบวนการ	krabuankan	100
กระบวนการ	grabuankan	85
ตก	tok	100
วัย	wai	100
วัย	way	85
นึก	nuk	100
นึก	neuk	90
เหมาะสม	mosom	100
เหมาะสม	mawsom	85
กรุงเทพ	krungthep	100
กรุงเทพ	groongtep	85
แจ้ง	jaeng	100
แจ้ง	jeng	85
ดาว	dao	100
ดาว	daw	85
ที่สำคัญ	theesamkhan	100
ที่สำคัญ	tisamkhan	85
ธรรม	tham	100
ธรรม	thom	80
ร้อง	rong	100
ป้องกัน	pongkan	100
สุด	sut	100
สุด	soot	90
กรรมการ	kammakan	100
กรรมการ	kamakan	85
ปัจจัย	patjai	100
ปัจจัย	patchai	90
แน่	nae	100
แน่	naa	80
ตัดสินใจ	tatsinjai	100
ตัดสินใจ	tudsinjai	85
อุตสาหกรรม	utsahakam	100
อุตสาหกรรม	udsahakam	85
อุตสาหกรรม	utsahagrrm	75
คดี	khadi	100
คดี	kadee	90
ทำการ	tamkan	100
ทำการ	thamkan	90
สายตา	saita	100
สายตา	sayta	90
ชน	chon	100
ค้า	ka	100
คำถาม	khamtham	100
นอกจากนี้	nokjakni	100
นอกจากนี้	nokchakni	85
ศรี	sri	100
ศรี	see	85
รุ่น	run	100
รุ่น	roon	85
ที่ดิน	teedin	100
ที่ดิน	thidin	85
จนถึง	jonthueng	100
จนถึง	jontung	90
จนถึง	jonteung	85
ตำรวจ	tamruat	100
ตำรวจ	tamruad	90
ซี	see	100
ซี	si	85
กรม	krom	100
กรม	grom	85
ที่ผ่านมา	thiphanma	100
ที่ผ่านมา	teephanma	85
ทิ้ง	ting	100
พฤติกรรม	prutikam	100
พฤติกรรม	pruetikam	90
พฤติกรรม	phruetikrrm	75
โครงสร้าง	krongsang	100
โครงสร้าง	khrongsrang	90
เลี้ยง	liang	100
เลี้ยง	leang	85
ขณะที่	khanathi	100
ขณะที่	kanati	90
แหล่ง	laeng	100
เพิ่ง	perng	100
เพิ่ง	peung	85
เพิ่ง	phoeng	80
ที่มา	teema	100
ที่มา	thima	85
ราช	rat	100
ราช	rach	90
ราช	ratch	80
ตรวจสอบ	truadsop	100
ตรวจสอบ	truatsop	90
ตรวจสอบ	truajsop	85
ค่อย	khoi	100
ค่อย	khoy	90
ไม่ค่อย	maikhoi	100
ไม่ค่อย	maikoy	90
เลิก	lerk	100
เลิก	loek	85
ระบุ	rabu	100
รายการ	raikan	100
รายการ	raykan	85
ผู้นำ	phunam	100
ผู้นำ	poonam	90
คุณภาพ	khunaphap	100
คุณภาพ	kunapap	90
ความจริง	khwamjing	100
ความจริง	kwamjing	90
ความจริง	khwamjring	80
กิจกรรม	kitchakam	100
กิจกรรม	kijkam	85
กิจกรรม	kitjakam	80
ศาสนา	satsana	100
ศาสนา	sasana	90
ร้อยละ	roila	100
ร้อยละ	royla	90
อดีต	adit	100
อดีต	adeet	90
หนุ่ม	num	100
หนุ่ม	noom	90
เช่นนี้	chenni	100
กิจการ	kitkan	100
กิจการ	kijkan	90
ขั้น	khan	100
แน่นอน	naenon	100
แน่นอน	naenorn	85
ตัด	tat	100
ส่งเสริม	songserm	100
ส่งเสริม	songsoem	85
ข้าพเจ้า	khapchao	100
ข้าพเจ้า	kapjao	90
ข้าพเจ้า	khaphchao	80
หน่วยงาน	nuayngan	100
หน่วยงาน	nuoyngan	85
ก็ตาม	kotam	100
ก็ตาม	gawtam	85
เกือบ	keuab	100
เกือบ	kueab	90
เกือบ	guab	80
ชาวบ้าน	chaoban	100
ชาวบ้าน	chaowban	85
หนัง	nang	100
บทบาท	botbat	100
สถานที่	sathanthi	100
สถานที่	satanti	90
สถานที่	sathanti	85
หน่อย	noi	100
หน่อย	noy	90
เพศ	phet	100
เพศ	pet	90
พระองค์	phraong	100
พระองค์	praong	90
ความสามารถ	khwamsamat	100
ความสามารถ	kwamsamarth	85
สหรัฐ	saharat	100
สหรัฐ	saharath	85
พวกเขา	puakkhao	100
พวกเขา	puakkao	85
เกษตร	kaset	100
เกษตร	kasate	80
ทฤษฎี	trissadi	100
ทฤษฎี	tritsadi	90
ตกลง	toklong	100
โทษ	thot	100
โทษ	toad	80
ถูกต้อง	tooktong	100
ถูกต้อง	thuktong	90
รอง	rong	100
แทบ	taep	100
แทบ	thaep	85
ปลาย	plai	100
ปลาย	play	85
หน่วย	nuay	100
หน่วย	nuoy	85
ยื่น	yuen	100
ยื่น	yeun	90
หมู่บ้าน	mooban	100
หมู่บ้าน	muban	90
หมู่บ้าน	muuban	80
เตรียม	triam	100
เตรียม	triem	85
คำสั่ง	khamsang	100
คำสั่ง	kamsang	90
หนี	nee	100
หนี	ni	85
ประเด็น	praden	100
ติดต่อ	tidtor	100
ติดต่อ	tidto	90
ติดต่อ	tittor	80
มาตรฐาน	mattrathan	100
มาตรฐาน	matrathan	90
สังเกต	sangket	100
สังเกต	sangkate	85
เจริญ	charoen	100
เจริญ	jaroen	95
เจริญ	jarern	85
สำนัก	samnak	100
จิตใจ	jitjai	100
จิตใจ	chitjai	85
อย่างไรก็ตาม	yangraikotam	100
อย่างไรก็ตาม	yangraiktam	80
อากาศ	akat	100
อากาศ	akas	85
ประสบ	prasop	100
ประสบ	prasob	85
เจตนา	jettana	100
เจตนา	jetana	90
เจตนา	jedtana	80
ดำเนิน	damnoen	100
ดำเนิน	damnern	95
เรื่อย	reuay	100
เรื่อย	ruay	85
เรื่อย	rueay	80
องค์กร	ongkorn	100
องค์กร	ongkon	85
คอย	khoy	100
คอย	khoi	85
คนใน	khonnai	100
แข่งขัน	khengkhan	100
แข่งขัน	kaengkhan	85
ข้าราชการ	kharatchakan	100
ข้าราชการ	kharachakan	90
สรุป	sarup	100
สรุป	sarub	85
ขยาย	khayai	100
ขยาย	khayay	90
หมายความ	maikwam	100
หมายความ	maikhwam	90
หมายความ	maaikwaam	85
ห้าม	ham	100
มั้ย	mai	100
มั้ย	may	85
สบาย	sabai	100
สบาย	sabay	85
งบประมาณ	ngoppraman	100
งบประมาณ	ngobpraman	85
สื่อสาร	suesan	100
สื่อสาร	suesarn	90
สื่อสาร	seusan	80
ช่าง	chang	100
ในขณะที่	naikhanathi	100
ในขณะที่	naikanati	90
ในขณะที่	naikhanati	85
คล้าย	klai	100
คล้าย	klay	90
ทีม	team	100
ทีม	tim	85
สา	sa	100
ทรัพย์สิน	sapsin	100
ทรัพย์สิน	supsin	85
ภาวะ	phawa	100
ภาวะ	pawa	90
เอ	ay	100
เอ	e	85
วรรค	wak	100
วรรค	wakka	80
ดิน	din	100
มุม	mum	100
มุม	moom	85
ลา	la	100
สื่อ	sue	100
สื่อ	seu	90
เล่ม	lem	100
บ้า	baa	100
สงบ	sangob	100
สงบ	sangop	85
สงบ	sa-ngob	75
ชม	chom	100
หลักฐาน	lakthan	100
แปลก	plak	100
แปลก	plaek	85
สาเหตุ	sahet	100
สาเหตุ	sahetu	85
รา	ra	100
กล้า	kla	100
จำกัด	jamkat	100
จำกัด	chamkat	85
นิติกรรม	nitikam	100
นิติกรรม	nitikrrm	75
ลำดับ	lamdap	100
แนวทาง	naewthang	100
แนวทาง	naeothang	85
ชวน	chuan	100
ชวน	chuon	80
อันเป็น	anpen	100
บ่อย	boi	100
บ่อย	boy	95
พลัง	palang	100
พลัง	phalang	90
พลัง	plang	80
ศพ	sop	100
ธรรมดา	thammada	100
แม้แต่	maetae	100
แม้แต่	maetair	85
ยอด	yot	100
ยอด	yod	90
ทั้งหลาย	thanglai	100
เมืองไทย	mueangthai	100
เมืองไทย	meuangthai	90
เมืองไทย	muangthai	85
เกินไป	geunpai	100
เกินไป	kernpai	90
เกินไป	goenpai	80
เอกสาร	ekasan	100
เอกสาร	ekkasan	90
ย้าย	yai	100
ย้าย	yaai	85
นายกรัฐมนตรี	nayokratthamontri	100
นายกรัฐมนตรี	nayokrattamontree	90
นายกรัฐมนตรี	nayokrathamontri	80
บันทึก	banthuek	100
บันทึก	buntuek	85
ทำหน้าที่	thamnathi	100
ทำหน้าที่	tamnati	90
คราว	khrao	100
คราว	krao	90
พื้น	peun	100
พื้น	pune	80
ดำรง	damrong	100
เอกชน	ekachon	100
เอกชน	ekkachon	90
แนวคิด	naewkit	100
แนวคิด	naeokit	85
ปริมาณ	parimaan	100
ปริมาณ	primaan	85
กรรม	kam	100
กรรม	gam	85
ไหล	lai	100
ไหล	lay	85
โดน	don	100
โดน	doan	80
ทุน	toon	100
ทุน	tun	90
นก	nok	100
กา	ka	100
พ่อแม่	phomae	100
พ่อแม่	pormae	85
กี่	kee	100
กี่	ki	85
ไร้	rai	100
ไร้	ray	85
กล่าวถึง	klaothueng	100
กล่าวถึง	klawthueng	90
กล่าวถึง	glaothung	80
รายละเอียด	railaiad	100
รายละเอียด	railaeiad	90
รายละเอียด	rairaiat	80
เรียบร้อย	riabroi	100
เรียบร้อย	riaproy	90
เรียบร้อย	reabroy	80
สถาน	sathan	100
องค์	ong	100
เรียนรู้	rianru	100
เรียนรู้	rienru	85
รัฐธรรมนูญ	ratthammanun	100
รัฐธรรมนูญ	rattathammanoon	85
งาม	ngam	100
คำตอบ	khamtop	100
ค่อนข้าง	khonkhang	100
สถานการณ์	sathanakan	100
สถานการณ์	sathannakarn	90
สถานการณ์	satarnkarn	80
ประกอบด้วย	prakopduay	100
ประกอบด้วย	prakobduay	90
ประกอบด้วย	prakopduy	80
พิมพ์	pim	100
อันตราย	antarai	100
อันตราย	antaray	85
โน้ต	note	100
โน้ต	not	85
วง	wong	100
สุ	su	100
พื้นฐาน	puenthan	100
พื้นฐาน	puenthaan	85
พื้นฐาน	phuenthan	80
เทคโนโลยี	teknoloyi	100
เทคโนโลยี	technology	90
เทคโนโลยี	teknology	85
อ่อน	on	100
อ่อน	awn	85
สม	som	100
ดวง	duang	100
ดวง	doung	85
กอง	kong	100
เท่ากับ	taokap	100
เท่ากับ	thaokab	90
มั่นคง	mankhong	100
ความต้องการ	khwamtongkan	100
ความต้องการ	kwamtongkan	90
ฝน	fon	100
นคร	nakhon	100
นคร	nakorn	90
ซ้ำ	sam	100
ซ้ำ	zam	80
หลวง	luang	100
หลวง	luong	80
ฆ่า	kha	100
อิทธิพล	itthipon	100
อิทธิพล	itipon	90
พร้อมกับ	phromkap	100
พร้อมกับ	promkap	90
ประสบการณ์	prasopkan	100
ประสบการณ์	prasobkarn	90
ภายใต้	phaitai	100
ภายใต้	paytay	85
ลึก	luek	100
ลึก	luk	85
ยาม	yam	100
ศิลปะ	sinlapa	100
ศิลปะ	silapa	90
ศิลปะ	sinlapha	80
งั้น	ngan	100
งั้น	ngun	85
สิ่งแวดล้อม	singwaedlom	100
สิ่งแวดล้อม	singwaetlom	88
สิ่งแวดล้อม	singwadlom	80
กาย	kai	100
กาย	kay	90
สุขภาพ	sukkhaphap	100
สุขภาพ	sukapap	90
เป้าหมาย	paomai	100
เป้าหมาย	paomaai	85
ส่งผล	songphon	100
ส่งผล	songpon	90
นิ่ง	ning	100
อี	ee	100
อี	i	85
ชี้	chi	100
ครบ	krob	100
ครบ	krop	85
ชายหนุ่ม	chainum	100
ชายหนุ่ม	chaynum	85
พระเจ้า	prajao	100
พระเจ้า	prachao	90
พระเจ้า	prajaow	80
ฯลฯ	laelae	100
ฯลฯ	lae	85
ตั้งใจ	tangjai	100
แต่ง	taeng	100
แต่ง	tang	80
อย่างยิ่ง	yangying	100
เกาะ	kor	100
เกาะ	koh	90
เกาะ	ko	85
แผน	phaen	100
แผน	paen	90
แผน	phan	80
เงื่อนไข	ngueankhai	100
เงื่อนไข	nguenkhai	90
เงื่อนไข	ngeuankhai	85
ปลอดภัย	plodphai	100
ปลอดภัย	plotpai	85
มหา	maha	100
อนาคต	anakhot	100
อนาคต	anakot	90
แต่งตั้ง	tengtang	100
แต่งตั้ง	taengtang	90
ประสิทธิภาพ	prasitthiphap	100
ประสิทธิภาพ	prasitthipap	90
แท้จริง	taejing	100
แท้จริง	taejring	85
สมบูรณ์	somboon	100
สมบูรณ์	sombun	90
เปิดเผย	perdpoey	100
เปิดเผย	poetphoey	85
เปิดเผย	perdphery	80
ชัย	chai	100
ชัย	chay	85
เปรียบเทียบ	priapthiap	100
เปรียบเทียบ	priabthiab	90
เปรียบเทียบ	preabtheab	80
สาขา	sakha	100
เยอะ	yoe	100
เยอะ	yer	90
เยอะ	yuh	80
พ้น	pon	100
ผู้คน	phukon	100
ผู้คน	pookon	90
กรุง	krung	100
กรุง	groong	85
อะ	a	100
อะ	ah	85
ปลูก	pluk	100
ลม	lom	100
มติ	mati	100
มติ	matti	85
ซะ	sa	100
ฐาน	than	100
ฝึก	fuek	100
ฝึก	feuk	85
ก้าว	kao	100
ก้าว	gao	90
ละคร	lakhon	100
ละคร	lakorn	95
ภายนอก	painok	100
ภายนอก	phainok	90
ภาพยนตร์	phapayon	100
ภาพยนตร์	papayon	90
ภาพยนตร์	phaphayon	80
แปล	plae	100
แปล	bplae	85
พลังงาน	palangngan	100
พลังงาน	plangngan	85
นั่นเอง	naneng	100
นั่นเอง	nuneng	85
แม้ว่า	maewa	100
แม้ว่า	maewaa	85
ผลงาน	phonngan	100
ผลงาน	polngan	85
ผลงาน	pholngan	85
สูงสุด	sungsut	100
สูงสุด	soongsood	85
ท้องถิ่น	thongthin	100
ผลกระทบ	phonkrathop	100
ผลกระทบ	polkrathop	85
ต่อเนื่อง	toneuang	100
ต่อเนื่อง	tonueang	90
ต่อเนื่อง	tornuang	80
ขณะ	khana	100
อาคาร	akan	100
อาคาร	akhan	85
ชัด	chat	100
ตี	tee	100
ตี	ti	85
ส่วนตัว	suantua	100
ส่วนตัว	suantau	80
พอใจ	phochai	100
พอใจ	pawjai	90
พอใจ	porjai	85
ข้าม	kham	100
รวดเร็ว	ruadreo	100
รวดเร็ว	ruatreo	90
รวดเร็ว	ruadrew	85
ท่า	tha	100
เหล่านั้น	laonan	100
สมเด็จ	somdet	100
สมเด็จ	somdej	90
อ้าง	ang	100
ให้การ	haikan	100
ให้การ	haigan	85
รับรู้	rapru	100
ข้า	kha	100
โรง	rong	100
ปรับปรุง	prapprung	100
ซา	sa	100
บุญ	bun	100
บุญ	boon	95
ทำลาย	thamlai	100
ทำลาย	tamlai	90
ทำลาย	thumlai	80
แถว	thaew	100
แถว	taew	90
แถว	thaeo	80
เรื่องราว	ruangrao	100
เรื่องราว	reuangraw	90
เรื่องราว	rueangrao	80
เข้าสู่	khaosu	100
เข้าสู่	kaosoo	85
สนิท	sanit	100
กระจาย	krajai	100
กระจาย	krajay	90
พวกเรา	puakrao	100
พวกเรา	puakerao	85
พวกเรา	phuakrao	80
ประโยค	prayok	100
ประโยค	brayok	85
เพชร	phet	100
เพชร	pet	90
เพชร	phetch	80
ความสำเร็จ	khwamsamret	100
ความสำเร็จ	kwamsamret	90
ดอก	dok	100
ความเชื่อ	khwamchuea	100
ความเชื่อ	kwamchua	90
ความเชื่อ	khwamcheua	85
กลิ่น	klin	100
ดา	da	100
ก่อให้เกิด	kohaikoet	100
ก่อให้เกิด	korhaikerd	90
ก่อให้เกิด	kohaikert	85
พืช	phuet	100
พืช	peud	90
พืช	phut	80
ห่าง	hang	100
แนะนำ	naenam	100
แนะนำ	naenum	85
ต่อไปนี้	topainee	100
ต่อไปนี้	torpainee	85
เพิ่มเติม	permterm	100
เพิ่มเติม	poemterm	85
เพิ่มเติม	pemtem	80
ระ	ra	100
บัญญัติ	banyat	100
บัญญัติ	banyad	85
แถม	thaem	100
แถม	taem	90
แถม	tam	80
หลักการ	lakkan	100
หลักการ	lakkarn	90
ล้วน	luan	100
ล้วน	luean	80
แผ่นดิน	phaendin	100
แผ่นดิน	paendin	85
ตลอดจน	talotjon	100
ตลอดจน	taloadjon	85
ประ	pra	100
สัมผัส	sampat	100
สัมผัส	samphat	85
ภัย	phai	100
ภัย	pai	85
ภัย	phay	80
วัตถุ	watthu	100
วัตถุ	wattu	90
วิชาชีพ	wichacheep	100
วิชาชีพ	wichachip	85
แง่	ngae	100
แง่	nge	85
ยัย	yai	100
ยัย	yay	90
สมอง	samong	100
สมอง	sahmong	85
เติบโต	toepto	100
เติบโต	terbto	90
เติบโต	tuhpto	80
เพียงแต่	piangtae	100
เพียงแต่	phiangtae	90
เพียงแต่	piangtaae	75
เก่ง	keng	100
โบราณ	boran	100
ทำนอง	thamnong	100
ทำนอง	tamnong	90
ลูกค้า	lukka	100
ลูกค้า	luukkhaa	85
หิน	hin	100
ดนตรี	dontri	100
ดนตรี	dontree	90
ไอ	ai	100
ไอ	i	80
ต่อสู้	torsu	100
ต่อสู้	tosu	90
หลับ	lap	100
หลับ	lub	90
หมู่	moo	100
หมู่	mu	90
สะดวก	saduak	100
พนักงาน	phanakngan	100
พนักงาน	panakngan	90
แสง	saeng	100
แสง	sang	85
เอ่ย	oey	100
เอ่ย	oei	85
กระแส	krasae	100
กระแส	grasae	85
ออกแบบ	okbaep	100
ออกแบบ	okbap	85
ออกแบบ	okbaeb	80
ยืนยัน	yuenyan	100
ยืนยัน	yuenyun	85
ยืนยัน	yeunyan	80
สำเร็จ	samret	100
สำเร็จ	sumret	85
เนี่ย	nia	100
เนี่ย	niea	85
รุนแรง	runraeng	100
รุนแรง	runrang	85
บางที	bangti	100
บางที	bangtee	90
ลูกจ้าง	lukjang	100
บรรดา	banda	100
บรรดา	bunda	80
คาด	khat	100
หลักเกณฑ์	lakken	100
หลักเกณฑ์	lakgen	85
จากนั้น	jaknan	100
จากนั้น	chaknan	85
ติดตาม	tittam	100
หายใจ	haijai	100
หายใจ	hayjai	90
คุณสมบัติ	khunsombat	100
คุณสมบัติ	kunsombat	90
ก่อ	kor	100
ก่อ	gor	90
ก่อ	ko	85
นำเข้า	namkhao	100
ดูเหมือน	dumuean	100
ดูเหมือน	duhmuean	85
ดูเหมือน	dumean	80
สมควร	somkhuan	100
สมควร	somkuan	90
กระทบ	krathop	100
กระทบ	gratop	85
ประชาธิปไตย	prachathipatai	100
ประชาธิปไตย	prachatipatai	85
คัน	khan	100
เรียกร้อง	riakrong	100
เรียกร้อง	reakrong	85
โดยที่	doithi	100
โดยที่	doythi	90
ห่วง	huang	100
ห่วง	huong	85
เกษตรกร	kasetrakon	100
เกษตรกร	kasettrakorn	90
เกษตรกร	kasetrakorn	85
มิใช่	michai	100
มิใช่	michay	85
ราว	raw	100
ราว	rao	90
อิสระ	isara	100
อิสระ	itsara	90
โรงแรม	rongraem	100
โรงแรม	rongram	85
พันธุ์	pan	100
เสด็จ	sadet	100
มุ่ง	mung	100
ชำระ	chamra	100
ชำระ	chamara	85
ฝรั่ง	farang	100
อิน	in	100
สำรวจ	samruat	100
สำรวจ	samruad	90
สำรวจ	sumruat	80
เริ่มต้น	roemton	100
เริ่มต้น	rermton	90
เริ่มต้น	reumton	80
การเงิน	karngern	100
การเงิน	karnguen	90
การเงิน	kanngoen	85
ย่อย	yoy	100
ยึด	yued	100
ยึด	yeud	90
เครื่องมือ	krueangmue	100
เครื่องมือ	kruangmue	88
เครื่องมือ	khrueangmue	80
ท้าย	tai	100
ท้าย	tay	90
ปฏิเสธ	patiset	100
ปฏิเสธ	patised	85
ภายหลัง	phailang	100
ภายหลัง	pailang	90
ภายหลัง	phaylang	85
อุปกรณ์	upakorn	100
อุปกรณ์	uppakorn	85
รับรอง	raprong	100
วิทยาศาสตร์	witthayasat	100
วิทยาศาสตร์	wittayasat	90
โรงงาน	rongngan	100
โรงงาน	rongngaan	85
โดยตรง	doytrong	100
โดยตรง	doeytrong	85
รัฐมนตรี	rattamontri	100
รัฐมนตรี	ratthamontri	90
มาตรการ	matrakan	100
มาตรการ	maatrakaan	85
ขั้นตอน	khantawn	100
ขั้นตอน	khanton	95
ขั้นตอน	khantorn	85
ผลประโยชน์	polprayot	100
ผลประโยชน์	ponprayot	90
ผลประโยชน์	phonprayoch	75
ยิง	ying	100
สงคราม	songkhram	100
สงคราม	songkram	90
ทา	ta	100
จัดทำ	jattam	100
จัดทำ	jadtam	85
องค์การ	ongkan	100
องค์การ	ongkarn	90
ดึง	deung	100
ดึง	dung	85
วิ	wi	100
หยิบ	yip	100
พยาบาล	payaban	100
พยาบาล	phayabaan	90
คุ้มครอง	khumkhrong	100
คุ้มครอง	kumkrong	90
เชียง	chiang	100
กะ	ka	100
กะ	kah	80
สหรัฐอเมริกา	saharatamerika	100
สหรัฐอเมริกา	saharadamerika	85
ยุโรป	yurop	100
ยุโรป	yuroop	90
กรอบ	krop	100
กรอบ	krob	90
พลาง	plang	100
พลาง	phlang	85
กล่าวคือ	klaokhue	100
กล่าวคือ	klaokue	90
กล่าวคือ	glaokue	80
คำพูด	khamphut	100
คำพูด	kampoot	90
ผู้เขียน	phukhian	100
ผู้เขียน	poohkian	85
ผู้เขียน	phukean	80
วา	wa	100
ปรึกษา	pruksa	100
ปรึกษา	prueksa	90
ประเมิน	pramern	100
ประเมิน	prameun	85
ประเมิน	prameon	75
พอดี	podee	100
พอดี	pordee	85
คุณค่า	khunkha	100
คุณค่า	koonkha	85
จัดตั้ง	jattang	100
จัดตั้ง	chattang	85
แล	lae	100
กฎ	got	100
กฎ	kot	90
บทบัญญัติ	botbanyat	100
บทบัญญัติ	bodbunyat	85
อย่างน้อย	yangnoi	100
อย่างน้อย	yangnoy	88
ช่อง	chong	100
วัตถุประสงค์	watthuprasong	100
วัตถุประสงค์	watuprasong	90
ม้า	ma	100
คา	kha	100
เชิญ	chern	100
เชิญ	choen	90
เชิญ	cheun	80
นิด	nit	100
จังหวะ	changwa	100
จังหวะ	jangwa	95
มองเห็น	monghen	100
เหมือนกับ	meuankap	100
เหมือนกับ	muankap	90
เหมือนกับ	mueankap	85
สะท้อน	sathon	100
หนังสือพิมพ์	nangsuephim	100
หนังสือพิมพ์	nangsuphim	90
หนังสือพิมพ์	nangseuphim	85
รอย	roy	100
รอย	roi	90
ดอกไม้	dokmai	100
แตก	taek	100
แตก	tak	80
ตาราง	tarang	100
อำเภอ	amphoe	100
อำเภอ	ampher	90
อำเภอ	ampoe	80
ขน	khon	100
พุทธ	put	100
พุทธ	phut	85
รึ	reu	100
รึ	ru	85
เสื้อผ้า	suaphaa	100
เสื้อผ้า	sueaphaa	90
เสื้อผ้า	seuapha	80
ชนบท	chonnabot	100
ชนบท	chonabot	90
ชนบท	chonbot	80
วิชาการ	wichakan	100
ค่าใช้จ่าย	kachaijai	100
ค่าใช้จ่าย	khachaijai	90
ค่าใช้จ่าย	khachaichai	70
จำเลย	jamloei	100
จำเลย	jamloey	90
จำเลย	chamleoy	80
นาม	nam	100
เคลื่อนไหว	khleuanwai	100
เคลื่อนไหว	kluanwai	90
เคลื่อนไหว	khlueanwai	85
เล็กน้อย	leknoi	100
เล็กน้อย	leknoy	90
เค	khe	100
เค	kay	85
เนื้อหา	nueaha	100
เนื้อหา	neuaha	90
เนื้อหา	nuaha	80
จนกระทั่ง	jonkrathang	100
จนกระทั่ง	chonkrathang	85
ที่ตั้ง	teetang	100
ที่ตั้ง	thitang	85
ถอน	thon	100
พี	pee	100
พี	phi	85
ความสนใจ	khwamsonjai	100
ความสนใจ	kwamsonjai	90
แผ่น	phaen	100
แผ่น	pan	85
ก็ดี	kodee	100
ก็ดี	kordee	85
ระวัง	rawang	100
ส่งออก	songok	100
ส่งออก	songork	85
ชนชั้น	chonchan	100
บรรยากาศ	banyakat	100
บรรยากาศ	banyakard	85
คุณแม่	khunmae	100
รางวัล	rangwan	100
รางวัล	rangwal	80
พูดถึง	phudtueng	100
พูดถึง	poodtueng	90
พูดถึง	phutthueng	80
แท้	tae	100
แท้	tare	80
ผลิตภัณฑ์	palitapan	100
ผลิตภัณฑ์	phalitaphan	90
ผลิตภัณฑ์	phalittaphan	80
ไม่ทัน	maitan	100
นัด	nat	100
ล่า	la	100
ขนส่ง	khonsong	100
โร	ro	100
ชั่ว	chua	100
หน้าตา	nata	100
ฝรั่งเศส	farangset	100
ฝรั่งเศส	farangsed	85
อันดับ	andap	100
น้ำหนัก	namnak	100
ลอย	loy	100
ลอย	loi	90
ปัญญา	panya	100
ปัญญา	punya	85
ร้าย	rai	100
ร้าย	ray	90
เสี่ยง	siang	100
เสี่ยง	seang	85
ลับ	lap	100
การเลือกตั้ง	karnlueaktang	100
การเลือกตั้ง	kanlueaktang	90
การเลือกตั้ง	karnleuaktang	85
ต้นไม้	tonmai	100
ใส	sai	100
ใส	say	85
ที่นั่ง	theenang	100
ที่นั่ง	tinang	90
ชนะ	chana	100
ฝาก	fak	100
เต็มที่	temtee	100
เต็มที่	temthi	85
ดิ	di	100
เลขาธิการ	lekhathikan	100
เลขาธิการ	lekathikarn	88
พิสูจน์	pisut	100
พิสูจน์	phisoot	85
พลอย	ploy	100
พลอย	phloi	85
สด	sot	100
สด	sod	90
หมา	ma	100
หมา	maa	85
คึกฤทธิ์	khuekrit	100
คึกฤทธิ์	kuekrit	90
คึกฤทธิ์	khukrit	85
ว่าง	wang	100
สอดคล้อง	sotklong	100
สอดคล้อง	sodklong	90
สัญญาณ	sanyan	100
สัญญาณ	sunyan	80
ริม	rim	100
หลากหลาย	laklai	100
หลากหลาย	laklaai	85
ตัน	tan	100
ดัน	dan	100
บา	ba	100
นายก	nayok	100
แอบ	aep	100
แอบ	aeb	90
ผู้ป่วย	phupuay	100
ผู้ป่วย	poopuay	90
ผู้ป่วย	phupoy	80
ข้างต้น	khangton	100
ประชากร	prachakorn	100
ประชากร	prachakon	90
เทียบ	thiap	100
เทียบ	tiab	85
ฝีมือ	feemue	100
ฝีมือ	feemu	90
ฝีมือ	fimeu	85
ไหว	wai	100
ไหว	way	85
สิ้น	sin	100
ฉะนั้น	chanan	100
สมาคม	samakhom	100
สมาคม	samakom	90
หลง	long	100
ท่าทาง	thathang	100
เช่นเดียว	chendiao	100
เช่นเดียว	chendeaw	88
เช่นเดียว	chendiew	80
มอบ	mop	100
ขณะนี้	khanani	100
ขณะนี้	kanani	90
คิดถึง	kidteung	100
คิดถึง	kitthueng	90
คิดถึง	kitteung	85
ใบหน้า	baina	100
ใบหน้า	bina	80
ไฟฟ้า	faifa	100
รี	ree	100
รี	ri	85
กด	kot	100
กด	got	85
ทีเดียว	teediao	100
ทีเดียว	tidiao	90
ทีเดียว	teediaw	85
จี	jee	100
จี	ji	90
พาณิชย์	panit	100
พาณิชย์	phanich	90
พาณิชย์	panich	85
ข่าวสาร	khaosan	100
ข่าวสาร	khawsan	85
อก	ok	100
อก	ohk	80
ลูกสาว	looksao	100
ลูกสาว	luksao	90
ลงโทษ	longthot	100
ลงโทษ	longtod	85
ทั้งสิ้น	thangsin	100
ถิ่น	thin	100
พล	phon	100
พล	pol	85
พล	phol	80
จำหน่าย	chamnai	100
จำหน่าย	jamnai	95
เทคนิค	teknik	100
เทคนิค	techniq	80
ผี	phi	100
ผี	pee	90
ผี	phee	85
พิธี	piti	100
พิธี	pithee	90
ฝั่ง	fang	100
วงศ์	wong	100
เมีย	mia	100
เมีย	miya	85
เชื้อ	chuea	100
เชื้อ	chua	85
เชื้อ	cheua	85
บริโภค	boriphok	100
บริโภค	boripok	90
ลูกชาย	lukchai	100
ลูกชาย	lookchai	90
ลูกชาย	lukchay	80
คอร์ด	khord	100
คอร์ด	khod	85
เทพ	thep	100
องค์ประกอบ	ongprakop	100
องค์ประกอบ	ongprakorb	90
ผสม	phasom	100
ผสม	pasom	90
สติ	sati	100
ตอนนั้น	tonnan	100
เซ	se	100
สอบสวน	sopsuan	100
สอบสวน	sobsuan	85
กำเนิด	kamnerd	100
กำเนิด	kamnoed	85
ราวกับ	raokap	100
ราวกับ	rawkap	90
ปืน	peun	100
ปืน	pun	85
ปืน	puen	85
ขัด	khat	100
ดวงตา	duangta	100
ดวงตา	duongta	80
เรือน	ruean	100
เรือน	ruan	85
นั่นแหละ	nanlae	100
นั่นแหละ	nunlae	85
รส	rot	100
รส	ros	80
เลื่อน	luean	100
เลื่อน	lueon	85
เลื่อน	luan	80
ริ	ri	100
นับแต่	naptae	100
นับแต่	nabtae	85
ขึ้นอยู่กับ	khunyukap	100
ขึ้นอยู่กับ	kuenyukap	90
ขึ้นอยู่กับ	khuenyoogap	80
ศึก	suk	100
ศึก	seuk	90
ฤทธิ์	rit	100
รับผิดชอบ	rapphitchop	100
รับผิดชอบ	rubpidchob	90
รับผิดชอบ	rappidchawp	80
ประกัน	prakan	100
ติ	ti	100
เสริม	serm	100
เสริม	soem	85
เสริม	sermn	70
อเมริกัน	amerikan	100
ลาย	lai	100
ลาย	lay	90
เส้นทาง	senthang	100
ละเอียด	laiad	100
ละเอียด	laeiad	90
ละเอียด	laiat	80
โทรทัศน์	thorathat	100
โทรทัศน์	torathat	90
โทรทัศน์	thoratat	80
วินิจฉัย	winitchai	100
วินิจฉัย	winichai	85
วินิจฉัย	winitchay	80
ประธานาธิบดี	prathanathibodi	100
ประธานาธิบดี	pratanatibodee	85
ผูกพัน	phukphan	100
ผูกพัน	pookpan	90
เช่นนั้น	chennan	100
ตัวแทน	tuathaen	100
ตัวแทน	tuatan	90
ตัวแทน	tuathan	85
เตอร์	ter	100
เตอร์	toe	85
บิดา	bida	100
คิดเห็น	kithen	100
พิษ	pit	100
พิษ	phit	85
คุรุ	kuru	100
คุรุ	khuru	85
เฝ้า	fao	100
ผู้แทน	phutaen	100
ผู้แทน	putan	90
ผู้แทน	phuthaen	80
สมรส	somrot	100
สมรส	somros	80
ทั้งที่	tangtee	100
ทั้งที่	thangthi	85
ประสงค์	prasong	100
โอน	on	100
โอน	oon	85
อินเดีย	india	100
อินเดีย	indeey	80
ต้นทุน	tonthun	100
ต้นทุน	tontun	90
นิ	ni	100
ใกล้ชิด	klaichit	100
ใกล้ชิด	glaichid	85
น่าสนใจ	nasonjai	100
น่าสนใจ	nasonchai	85
ลิ	li	100
กองทุน	kongtun	100
สาระ	sara	100
ไร่	rai	100
ไร่	rye	80
ทน	ton	100
กระตุ้น	kratoon	100
กระตุ้น	kratun	90
ศักดิ์	sak	100
ไท	thai	100
นั่นคือ	nankhue	100
นั่นคือ	nankue	85
นั่นคือ	nunkhue	80
บุตร	but	100
บุตร	boot	85
เมตร	met	100
เมตร	metr	80
กีฬา	kila	100
กีฬา	keela	90
แล้วแต่	laewtae	100
แล้วแต่	leawtae	85
แล้วแต่	laeotae	80
มารดา	manda	100
มารดา	marada	90
มารดา	marda	80
วิญญาณ	winyan	100
วิญญาณ	winyaan	85
ทะเบียน	tabian	100
ทะเบียน	tabien	90
คณะรัฐมนตรี	kanaratthamontri	100
คณะรัฐมนตรี	khanaratthamontree	90
สนาม	sanam	100
ยกเว้น	yokwen	100
การลงทุน	karnlongthun	100
การลงทุน	kanlongtun	90
การลงทุน	garnlongtoon	80
ขับรถ	khaprot	100
ขับรถ	kaprod	85
มูลค่า	moonkha	100
มูลค่า	munkha	85
กลับบ้าน	klapban	100
กลับบ้าน	klubban	85
แสดงออก	sadaengok	100
แสดงออก	sadangok	85
จัง	jang	100
เพียงพอ	phiangpho	100
เพียงพอ	piangpor	88
วาด	wat	100
โฆษณา	khotsana	100
โฆษณา	khosana	90
ทิศ	thit	100
แทนที่	taenti	100
แทนที่	tanti	85
ดังที่	dangthi	100
ดังที่	dangtee	90
ความขัดแย้ง	khwamkhatyaeng	100
ความขัดแย้ง	kwamkhatyaeng	90
ความขัดแย้ง	khwamkhadyeng	80
แน่ใจ	naejai	100
แน่ใจ	naichai	80
เช่า	chao	100
เอเชีย	echia	100
เอเชีย	asia	90
ตีความ	tikwam	100
ตีความ	teekwam	90
คนเรา	khonrao	100
หุ่น	hun	100
เลือกตั้ง	lueaktang	100
เลือกตั้ง	leuaktang	90
เลือกตั้ง	luaktang	80
สวยงาม	suayngam	100
สวยงาม	suaingam	85
บรรจุ	banju	100
บรรจุ	banchu	90
วี	wee	100
วี	wi	85
เยี่ยม	yiam	100
เยี่ยม	yeam	85
รวบรวม	ruabruam	100
รวบรวม	ruapruam	85
บรรยาย	banyai	100
บรรยาย	banyay	90
รัชกาล	ratchakan	100
รัชกาล	rachakan	90
ปา	pa	100
ถ่าย	thai	100
ถ่าย	thay	90
ไล่	lai	100
ไล่	lay	85
เห็นด้วย	henduay	100
เห็นด้วย	henduai	85
ซิ	si	100
ซิ	see	85
ทรัพย์	sap	100
ทรัพย์	sub	85
ทรัพย์	sapp	75
เหนื่อย	nuay	100
เหนื่อย	neuay	90
เหนื่อย	nueay	80
ความร่วมมือ	khwamruammue	100
ความร่วมมือ	kwamruammu	90
ความร่วมมือ	khwamruammeu	85
กร	kon	100
กร	korn	90
ฟิลิปปินส์	filippin	100
ฟิลิปปินส์	philippines	85
ฟิลิปปินส์	filipin	80
ทิศทาง	tittang	100
ทิศทาง	thittang	90
ต่างหาก	tanghak	100
คำนึง	khamnueng	100
คำนึง	kamnung	90
คำนึง	khamneung	80
ภูมิภาค	phumiphak	100
ภูมิภาค	poomipak	90
ตัดสิน	tatsin	100
ทดลอง	todlong	100
ทดลอง	thotlong	85
รับประทาน	rapprathan	100
จิ	ji	100
จิ	chi	80
หลบ	lop	100
หลบ	lob	85
อเมริกา	amerika	100
อเมริกา	america	95
สร้างสรรค์	sangsan	100
สร้างสรรค์	srangsan	85
ถวาย	thawai	100
ถวาย	thawaai	85
ปฏิบัติงาน	patibatngan	100
ปฏิบัติงาน	patibatngarn	88
เหมาะ	mo	100
เหมาะ	moh	90
เร่ง	reng	100
ลงทุน	longtun	100
คนไข้	khonkhai	100
เกณฑ์	ken	100
เกณฑ์	kain	80
ระบอบ	rabop	100
ยู	yu	100
อิ	i	100
ข้างหน้า	khangna	100
จง	jong	100
ผลผลิต	phonphalit	100
ผลผลิต	polphalit	85
ผลผลิต	phonphalid	80
น้ำท่วม	namtuam	100
น้ำท่วม	namthuam	85
ข้อเท็จจริง	khotetjing	100
ข้อเท็จจริง	khortetjing	90
ข้อเท็จจริง	khotedjring	80
สตรี	satree	100
สตรี	satri	90
แพ้	pae	100
เรียง	riang	100
เรียง	reang	85
โด	do	100
ความเสียหาย	khwamsiahai	100
ความเสียหาย	kwamsiahai	90
เยาวชน	yaowachon	100
เยาวชน	yaowchon	85
พี่น้อง	pinong	100
บ้านเมือง	banmueang	100
บ้านเมือง	banmuang	90
บ้านเมือง	banmeuang	80
ปฏิบัติการ	patibatkan	100
ปฏิบัติการ	patibatigan	80
ทรัพยากร	sapphayakon	100
ทรัพยากร	sappayakorn	90
ทรัพยากร	sapyakorn	80
วิทยา	witthaya	100
วิทยา	wittaya	90
วิทยา	vittaya	80
อาวุธ	awut	100
อาวุธ	avut	85
หุ้น	hun	100
ก้าวหน้า	kaona	100
ก้าวหน้า	kawna	90
ประเพณี	prapheni	100
ประเพณี	prapenee	90
นัย	nai	100
นัย	nay	90
แข็งแรง	khaengraeng	100
แข็งแรง	kengreng	90
เจรจา	jenraja	100
เจรจา	jeraja	90
เจรจา	jenrajaa	80
พร	phon	100
พร	porn	90
พร	phorn	85
โค	kho	100
สู้	su	100
สู้	soo	90
สืบ	seub	100
สืบ	sueb	90
สืบ	suep	80
สมาธิ	samathi	100
สมาธิ	smati	80
นับถือ	napthue	100
นับถือ	napteu	90
นับถือ	naptue	85
ตึก	tuek	100
ตึก	tuk	85
คำนวณ	khamnuan	100
คำนวณ	kamnuan	90
ศิลปิน	sinlapin	100
ศิลปิน	silapin	85
นึกถึง	nuekthueng	100
นึกถึง	neukteung	90
นึกถึง	nuktung	80
ทำเป็น	thampen	100
ทำเป็น	tampen	90
เท่าไหร่	taorai	100
เท่าไหร่	thaorai	85
วางแผน	wangphaen	100
วางแผน	wangpaen	90
วางแผน	wangphan	80
นอกจากนั้น	nokjaknan	100
นอกจากนั้น	nawkjaknan	85
สมัยใหม่	samaimai	100
สมัยใหม่	samaymai	85
พุทธศาสนา	putthasasana	100
พุทธศาสนา	putthasatsana	90
พุทธศาสนา	phutthasasana	85
ฉาก	chak	100
โดยทั่วไป	doithuapai	100
โดยทั่วไป	doytuapai	85
นิสัย	nisai	100
นิสัย	nisay	88
ปรารถนา	pratthana	100
ปรารถนา	prathana	90
ปรารถนา	prarthana	80
ชาวนา	chawna	100
ชาวนา	chaona	85
เวที	wethi	100
เวที	wetee	90
เห็นชอบ	henchop	100
คลื่น	kluen	100
คลื่น	klun	85
คลื่น	khluen	80
สวม	suam	100
สวม	suem	80
สยาม	sayam	100
สยาม	siam	90
อนุมัติ	anumat	100
อนุมัติ	anumati	90
ลำ	lam	100
โปรด	prot	100
โปรด	proht	85
ตรงนี้	trongnee	100
ตรงนี้	trongni	85
เสรีภาพ	sereepap	100
เสรีภาพ	seriphap	90
ฟ้อง	fong	100
โครง	krong	100
สัน	san	100
โม	mo	100
เรียบ	riap	100
เรียบ	reap	90
เรียบ	riep	80
ขยายตัว	khayaitua	100
ขยายตัว	kayaitua	90
ทุกวันนี้	thukwannee	100
ทุกวันนี้	tukwannee	90
ประมวล	pramuan	100
เตือน	tuean	100
เตือน	teuan	85
เตือน	tuan	75
ความเป็นจริง	khwampenjing	100
ความเป็นจริง	kwampenjing	90
ปฏิรูป	patirup	100
ปฏิรูป	patiroop	90
อด	ot	100
เต้น	ten	100
มอบหมาย	mopmai	100
มอบหมาย	mobmai	85
มอบหมาย	mopmaai	80
นายจ้าง	naichang	100
นายจ้าง	naijang	90
ช้าง	chang	100
อาญา	aya	100
อาญา	ayaa	85
ประสาน	prasan	100
ฉาย	chai	100
ฉาย	chay	90
ทั้งนั้น	tangnan	100
ผู้นั้น	phunan	100
ผู้นั้น	poonan	90
น้ำเสียง	namsiang	100
น้ำเสียง	namseang	85
ทราย	sai	100
ทราย	say	85
วงการ	wongkan	100
วงการ	wongkarn	90
ขอบ	khop	100
คำพิพากษา	khampipaksa	100
คำพิพากษา	kampipaksa	90
ดำเนินงาน	damnoenngan	100
ดำเนินงาน	damneonngan	90
ดำเนินงาน	damnernngan	85
วะ	wa	100
ทาน	tan	100
ทาน	than	90
เฉย	choey	100
เฉย	chery	85
เฉย	choei	80
ยุติธรรม	yutitham	100
ยุติธรรม	yuttitham	90
ทำร้าย	tamrai	100
ทำร้าย	thamrai	85
โน	no	100
ชิ	chi	100
ทดสอบ	todsop	100
ทดสอบ	thotsop	85
วิทยุ	witthayu	100
วิทยุ	wittayu	95
วิทยุ	witayu	85
ถ้าหาก	thahak	100
ทศวรรษ	thotsawat	100
ทศวรรษ	totsawat	90
ทศวรรษ	thosawat	80
รี่	ree	100
รี่	ri	85
โจทก์	jot	100
ศีรษะ	sirsa	100
ศีรษะ	seersa	90
ศีรษะ	sisa	85
ตัวเลข	tualek	100
สว่าง	sawang	100
ผู้อำนวยการ	phuamnuaykan	100
ผู้อำนวยการ	puamnuaykarn	90
ผู้อำนวยการ	phooamnuaykan	80
ภาระ	phara	100
ภาระ	para	90
สีหน้า	sina	100
สีหน้า	seena	90
เร	re	100
เสรี	seri	100
เสรี	saeri	80
ลบ	lop	100
สหกรณ์	sahakorn	100
สหกรณ์	sahagorn	80
แลกเปลี่ยน	laekplian	100
แลกเปลี่ยน	lekplian	85
แลกเปลี่ยน	laekplean	80
อธิบดี	athibodi	100
อธิบดี	atibodee	85
หมาย	mai	100
หมาย	may	90
วัง	wang	100
ต่อต้าน	totan	100
ผู้บริหาร	phuborihan	100
ผู้บริหาร	puboriharn	85
พึง	phueng	100
พึง	pung	85
เจ	jay	100
เจ	je	90
เจ	jeh	80
จริงจัง	jingjang	100
จริงจัง	jringjang	80
ประวัติ	prawat	100
ประวัติ	bprawat	80
ราม	ram	100
เม็ด	met	100
เพราะว่า	prowa	100
เพราะว่า	phrowa	90
เพราะว่า	prawa	85
ท่อ	tor	100
ท่อ	to	85
สาธารณะ	satarana	100
สาธารณะ	sathana	80
มั่นใจ	manjai	100
กล่าวหา	klaoha	100
กล่าวหา	klauha	85
ก่อสร้าง	kosang	100
ก่อสร้าง	korsang	90
ปรับตัว	prabtua	100
ปรับตัว	praptua	90
หลังจากนั้น	langjaknan	100
หลังจากนั้น	langchaknan	85
กลไก	konlakai	100
กลไก	klonkai	80
ไหว้	wai	100
ไหว้	way	85
เพราะฉะนั้น	prochanan	100
เพราะฉะนั้น	prawchanan	88
สัญลักษณ์	sanyalak	100
สัญลักษณ์	sunyalak	85
กษัตริย์	kasat	100
กษัตริย์	kasatri	85
เคารพ	khaorop	100
เคารพ	kaorop	90
พยัก	payak	100
พยัก	phayak	90
รูปร่าง	rooprang	100
รูปร่าง	rouprang	85
ก้ม	kom	100
สะสม	sasom	100
ลี	lee	100
ลี	li	90
ใช้งาน	chaingan	100
ใช้งาน	chayngan	85
สัดส่วน	satsuan	100
การคลัง	kanklang	100
หลักสูตร	laksut	100
หลักสูตร	laksoot	90
แนวโน้ม	naewnom	100
แนวโน้ม	naeonom	85
อยุธยา	ayutthaya	100
อยุธยา	ayuthaya	90
ดอกเบี้ย	dokbia	100
ดอกเบี้ย	dokbiya	85
พม่า	phama	100
พม่า	pama	85
ตอบแทน	toptaen	100
ตอบแทน	toptan	85
ทัน	tan	100
ยินยอม	yinyom	100
ยินยอม	yinyorm	85
บุรี	buri	100
พยาน	payan	100
พยาน	phayan	85
ชัก	chak	100
โท	to	100
โท	toe	85
บุคลากร	buklakon	100
บุคลากร	bukkhalakon	90
บุคลากร	bukkalakorn	85
ชื่อเสียง	chuesiang	100
ชื่อเสียง	chueseang	85
ชื่อเสียง	cheusiang	80
บ่น	bon	100
เอก	ek	100
เอก	aek	85
เผา	phao	100
เผา	pao	90
มิให้	mihai	100
ตำนาน	tamnan	100
ฟื้นฟู	fuenfu	100
ฟื้นฟู	feunfu	90
ที่แล้ว	thilaew	100
ที่แล้ว	teelaew	90
ที่แล้ว	thilaeo	80
ส่วนร่วม	suanruam	100
ส่วนร่วม	suanruom	85
ข้อตกลง	khotoklong	100
ข้อตกลง	kawtoklong	85
ตัวละคร	tualakhon	100
ตัวละคร	tualakorn	90
แน่น	naen	100
แน่น	nan	80
เบื้องต้น	buengton	100
เบื้องต้น	bueangton	90
เบื้องต้น	beuangton	80
สูญเสีย	soonsia	100
สูญเสีย	sunsia	90
สูญเสีย	soonseea	80
ถ่ายทอด	thaithot	100
ถ่ายทอด	taitod	90
ลำบาก	lambak	100
ดับ	dap	100
ลาน	lan	100
สมัคร	samak	100
สมัคร	samakr	80
ยิ่งใหญ่	yingyai	100
กระ	kra	100
กระ	gra	85
มีอายุ	meeayu	100
มีอายุ	miayu	85
ก๊าซ	kas	100
ก๊าซ	gas	95
นิทาน	nitan	100
ตระหนัก	tranak	100
ภูมิ	poom	100
ภูมิ	phum	90
ภูมิ	phumi	80
แสวงหา	sawaengha	100
แสวงหา	sawengha	85
มืด	meud	100
มืด	mued	90
มืด	murd	80
ฤดู	ridu	100
ฤดู	reudu	90
ฤดู	rudu	80
พี่ชาย	pheechai	100
พี่ชาย	pichai	90
พี่ชาย	peechay	85
ตรงข้าม	trongkham	100
นี	nee	100
นี	ni	90
แต่ว่า	taewa	100
แต่ว่า	taewaa	85
รอยยิ้ม	royyim	100
เฉลี่ย	chalia	100
เฉลี่ย	chaliea	85
เฉลี่ย	chaliay	80
อาทิ	arti	100
อาทิ	ati	90
อาทิ	athi	85
ระเบิด	raberd	100
ระเบิด	rabert	90
ระเบิด	raboet	85
เชื่อมโยง	chueamyong	100
เชื่อมโยง	cheuamyong	90
เชื่อมโยง	chuamyong	80
บันได	bandai	100
บันได	bundai	85
หลุด	lut	100
หลุด	loot	85
ชิน	chin	100
เหลือเกิน	luakoen	100
เหลือเกิน	luerkern	90
เหลือเกิน	luakern	85
ได้ที่	daithi	100
ได้ที่	daithee	90
ยากจน	yakjon	100
ยากจน	yaakjon	85
มหานคร	mahanakhon	100
มหานคร	mahanakorn	90
แปลง	plaeng	100
แปลง	plang	85
ปรากฏการณ์	prakotkan	100
ปรากฏการณ์	prakodkarn	90
ปรากฏการณ์	prakotagan	75
คุม	khum	100
คุม	koom	85
ผู้ปกครอง	phupokkhrong	100
ผู้ปกครอง	poopokkrong	90
รัฐสภา	ratthasapha	100
รัฐสภา	ratsapha	90
โซ	so	100
ผู้ใช้	phuchai	100
ผู้ใช้	poochai	85
ผู้ใช้	phuchay	80
วัยรุ่น	wairun	100
สื่อมวลชน	suemuanchon	100
สื่อมวลชน	sueamuanchon	88
สื่อมวลชน	suemuonchon	80
ถัด	thad	100
เผยแพร่	phoeiphrae	100
เผยแพร่	poeyprae	88
เผยแพร่	phuiprae	80
คลอง	klong	100
ตื่นเต้น	tuenten	100
ตื่นเต้น	teunten	85
หัก	hak	100
ยกเลิก	yokloek	100
ยกเลิก	yokleak	88
ยกเลิก	yokluek	80
ปฏิวัติ	patiwat	100
ปฏิวัติ	pativat	90
ซัก	sak	100
ถึงกับ	theungkap	100
ถึงกับ	tuengkap	90
ถึงกับ	thuengkap	85
อักษร	aksorn	100
อักษร	akson	90
แขก	khaek	100
แขก	kaek	90
แขก	khak	85
เกียรติ	kiat	100
เกียรติ	kiet	85
นิตยสาร	nittayasan	100
นิตยสาร	nitayasan	90
น้ำตา	namta	100
น้ำตา	namtaa	85
ประสาท	prasat	100
ประสาท	prasart	85
กว้างขวาง	kwangkwang	100
โชคดี	chokdee	100
โชคดี	chokdi	85
ปราศจาก	pratchak	100
ปราศจาก	pradsajak	85
ปราศจาก	prassajak	80
กำจัด	kamjat	100
กำจัด	gamjat	88
ผู้บริโภค	phuboriphok	100
ผู้บริโภค	puboriphok	85
ผู้จัดการ	phujatkan	100
ผู้จัดการ	poojatkan	85
จดหมาย	jotmai	100
จดหมาย	jodmai	85
พระยา	praya	100
พระยา	phraya	90
ขยับ	khayap	100
พูดคุย	phudkhui	100
พูดคุย	pudkuy	90
ดินแดน	dindaen	100
ดินแดน	dindan	85
เสียก่อน	siakon	100
เสียก่อน	seakon	85
ศูนย์กลาง	soonklang	100
ศูนย์กลาง	sunklang	90
สนทนา	sontana	100
สนทนา	sonthana	90
ล้ม	lom	100
เสือ	suea	100
เสือ	sua	90
เสือ	seua	85
เด็ดขาด	detkhat	100
เด็ดขาด	dedkhad	85
ขี้	kee	100
ขี้	khi	85
ตกเป็น	tokpen	100
ตะ	ta	100
เซลล์	sel	100
เซลล์	cell	85
ตรา	tra	100
ยะ	ya	100
ลาว	lao	100
ลาว	laao	80
เอส	es	100
เอส	ess	85
วาระ	wara	100
ประกอบการ	prakopkan	100
ประกอบการ	prakobkarn	90
ภาคใต้	phaktai	100
ภาคใต้	paktai	90
ชาติไทย	chatthai	100
ชาติไทย	chartthai	90
ใกล้เคียง	klaikhiang	100
ใกล้เคียง	glaikiang	85
โล	lo	100
สิ้นสุด	sinsut	100
สิ้นสุด	sinsood	90
วรรณคดี	wannakhadi	100
วรรณคดี	wannakhadee	90
รอด	rod	100
ตำบล	tambon	100
ตำบล	tumbon	85
บุหรี่	buri	100
บุหรี่	boori	85
แผล	plae	100
แผล	plair	85
เติม	toem	100
เติม	term	85
เครือข่าย	khrueakhai	100
เครือข่าย	kruakhai	90
เครือข่าย	krueakai	85
โก	go	100
โก	ko	90
เข้ม	khem	100
หัวข้อ	huakho	100
หัวข้อ	hwakho	80
คว้า	khwa	100
คว้า	kwa	90
เศษ	set	100
กิ	ki	100
กิ	gi	85
ศีลธรรม	sinlatham	100
ศีลธรรม	silatham	85
ศีลธรรม	seenlatham	80
จารึก	jaruk	100
จารึก	charuk	85
ลักษณ์	lak	100
หญ้า	ya	100
ใช้ได้	chaidai	100
ใช้ได้	chaydai	85
แถบ	thaep	100
แถบ	taep	90
แถบ	thab	80
คอมมิวนิสต์	kommiwnit	100
คอมมิวนิสต์	communist	90
คอมมิวนิสต์	kommunit	80
สภาวะ	sapawa	100
สภาวะ	saphawa	90
หลีกเลี่ยง	leeklieng	100
หลีกเลี่ยง	likliang	90
หลีกเลี่ยง	leekliang	85
เท	te	100
เท	tay	85
เท	tey	80
ล่วงหน้า	luangna	100
ล่วงหน้า	luangnaa	85
จดทะเบียน	jotthabian	100
จดทะเบียน	jodtabien	90
เล	le	100
เล	lay	80
โย	yo	100
รู้ตัว	rutua	100
รู้ตัว	rootua	85
บาดเจ็บ	batjep	100
บาดเจ็บ	badjep	90
หมายเลข	mailek	100
หมายเลข	maailek	85
หมายเลข	maaylek	80
ระบาย	rabai	100
ระบาย	rabay	90
ข้อบังคับ	khobangkhap	100
ข้อบังคับ	korbangkap	85
เชื่อม	chueam	100
เชื่อม	cheuam	90
เชื่อม	chuam	80
ปลัด	palat	100
ปลัด	plat	90
ทั้งคู่	tangku	100
ทั้งคู่	thangkhu	85
แข็ง	khaeng	100
แข็ง	keng	90
เม	me	100
เม	may	80
อบรม	oprom	100
อบรม	obrom	90
ตะโกน	takon	100
กองทัพ	kongtap	100
กองทัพ	kongthap	90
หมวด	muat	100
หมวด	muad	90
บี	bee	100
บี	bi	85
ค้าง	khang	100
อาเซียน	asean	100
อาเซียน	aseiyan	85
อาเซียน	asian	80
ท่ามกลาง	thamklang	100
ท่ามกลาง	tamklang	90
หารือ	haru	100
หารือ	hareu	90
กอด	kot	100
กอด	kod	90
ตัวแปร	tuabprae	100
ตัวแปร	tuaprae	90
ริน	rin	100
ธิ	ti	100
สวรรค์	sawan	100
สวรรค์	sawang	75
คุณหมอ	khunmor	100
คุณหมอ	khunmoh	85
คุณหมอ	khunmaw	80
ทำท่า	thamtha	100
ทำท่า	tamta	90
ปัก	pak	100
กันและกัน	kanlaekan	100
กันและกัน	kanlaekun	85
กันและกัน	ganlaegan	80
จา	ja	100
จา	cha	80
พรรคการเมือง	phakkanmueang	100
พรรคการเมือง	pakkanmuang	90
พรรคการเมือง	phakkarnmueang	80
เหล็ก	lek	100
ชิง	ching	100
เดือดร้อน	duearon	100
เดือดร้อน	duatron	90
เดือดร้อน	deuadron	85
ถัง	thang	100
ถัง	tang	90
ออกเสียง	oksiang	100
ออกเสียง	oksieng	85
คัดเลือก	katluek	100
คัดเลือก	khatlueak	90
คัดเลือก	katleuk	80
สั่น	san	100
ก้อน	kon	100
แต่อย่างใด	taeyangdai	100
แต่อย่างใด	tayangdai	88
อุปสรรค	upasak	100
อุปสรรค	uppasak	90
อุปสรรค	upsak	80
มิติ	miti	100
โปรแกรม	prokraem	100
โปรแกรม	prokram	90
โปรแกรม	prokrem	80
โมง	mong	100
เหรียญ	rian	100
เหรียญ	rean	85
เหรียญ	riang	80
เจ้านาย	jaonai	100
เจ้านาย	chaonai	85
ตอบสนอง	topsanong	100
ตอบสนอง	tobsanong	85
ปรกติ	pokkati	100
ปรกติ	prokkati	85
ราชอาณาจักร	ratchaanachak	100
ราชอาณาจักร	rachaanachak	90
ราชอาณาจักร	radchaanajak	80
อนุรักษ์	anurak	100
บวก	buak	100
บวก	buag	80
เศรษฐศาสตร์	setthasat	100
เศรษฐศาสตร์	settasat	90
รายจ่าย	raichai	100
รายจ่าย	raijai	90
รายจ่าย	raaichaai	75
เด่น	den	100
ฉลาด	chalat	100
ฉลาด	chalad	90
สิทธิ์	sit	100
เครื่องหมาย	khrueangmai	100
เครื่องหมาย	krueangmai	90
เครื่องหมาย	khreuangmay	80
ขอบเขต	khopkhet	100
ที่จริง	teejing	100
ที่จริง	thiijing	85
ประพฤติ	praphruet	100
ประพฤติ	prapruet	90
ประพฤติ	praprut	85
คม	khom	100
คนงาน	khonngan	100
คนงาน	konngan	90
เอ็ม	em	100
จนกว่า	jonkwa	100
จนกว่า	chonkwa	85
ศตวรรษ	satawat	100
ศตวรรษ	sattawat	85
นับว่า	napwa	100
ปั้น	pan	100
ครอบครอง	krobkrong	100
ครอบครอง	kropkrong	85
พระพุทธเจ้า	phraphutthachao	100
พระพุทธเจ้า	prapudjao	85
พระพุทธเจ้า	phraputtajao	80
บทความ	botkwam	100
บทความ	bodkwam	85
ทักษิณ	taksin	100
ทักษิณ	thaksin	95
ผูก	phook	100
ผูก	puk	85
ศัตรู	sattru	100
ศัตรู	satru	90
จอมพล	jomphon	100
จอมพล	jompon	90
กระจก	krajok	100
กำลังใจ	kamlangjai	100
กำลังใจ	gamlangjai	90
กำลังใจ	kamlangchai	75
ทุนนิยม	thunniyom	100
ทุนนิยม	toonniyom	85
บรรลุ	banlu	100
กุล	kun	100
กุล	kul	85
ราษฎร	ratsadon	100
ราษฎร	radsadon	85
กำไร	kamrai	100
กำไร	gamrai	90
ทดแทน	todtan	100
ทดแทน	todthan	85
ค่าจ้าง	khajang	100
ค่าจ้าง	kajang	90
มุก	muk	100
มุก	mook	90
เชื่อมั่น	chueaman	100
เชื่อมั่น	cheuaman	90
เชื่อมั่น	chueman	85
งดงาม	ngotngam	100
งดงาม	ngodngam	85
ถึงแม้	tuengmae	100
ถึงแม้	thuengmae	90
ถึงแม้	tungmae	85
นิยาม	niyam	100
ขยะ	kaya	100
ขยะ	khaya	90
เหยื่อ	yuea	100
เหยื่อ	yua	88
เหยื่อ	yeua	80
อวัยวะ	awaiyawa	100
อวัยวะ	avaiyava	85
รองรับ	rongrap	100
รองรับ	rongrub	85
เป็นไร	penrai	100
เห	he	100
เบอร์	ber	100
เบอร์	boe	85
สูบ	soop	100
สูบ	sup	90
ชี้แจง	chiijaeng	100
ชี้แจง	chijang	85
ชี้แจง	cheejaeng	85
ขณะเดียวกัน	khanadiaokan	100
ขณะเดียวกัน	kanadiawkan	90
ขณะเดียวกัน	khanadeaokan	80
สากล	sakon	100
สากล	sakol	85
รุ่ง	rung	100
กัด	kat	100
แข่ง	khaeng	100
แข่ง	kaeng	90
แข่ง	khang	80
กฎหมายแพ่ง	kotmaiphaeng	100
กฎหมายแพ่ง	kodmaaipheng	85
กันเอง	kaneng	100
กันเอง	kanaeng	85
จำคุก	jamkhuk	100
จำคุก	jumkhuk	85
ข่าย	khai	100
ข่าย	kai	90
ข่าย	khay	85
ตระกูล	trakool	100
ตระกูล	trakun	85
ขอรับ	khorap	100
ขอรับ	khorub	90
อากร	akon	100
อากร	akorn	90
ที่ปรึกษา	theepruksa	100
ที่ปรึกษา	tipruksa	85
เว้นแต่	wentae	100
เว้นแต่	wentaae	85
มีชื่อ	meechue	100
มีชื่อ	michu	90
มีชื่อ	meecheu	85
จริยธรรม	jariyatham	100
จริยธรรม	jariyatam	85
สระ	sara	100
กิจ	kit	100
กิจ	kij	85
ผ่าตัด	patat	100
ผ่าตัด	phatat	85
เน	ne	100
แฟชั่น	fashion	100
แฟชั่น	faechan	80
ทางเลือก	thangleuak	100
ทางเลือก	tangluak	90
ทางเลือก	thangleuk	80
นักการเมือง	nakkanmueang	100
นักการเมือง	nakkanmuang	90
นักการเมือง	nakkarnmueang	80
เสียหาย	siahai	100
เสียหาย	siahaai	85
ชื่อว่า	chuewa	100
ชื่อว่า	cheuwa	90
ชื่อว่า	chuuwa	80
โชว์	show	100
โชว์	cho	85
พระบรม	phraborom	100
พระบรม	praborom	90
อบอุ่น	opun	100
อบอุ่น	obaun	80
ถ้อยคำ	thoikham	100
ถ้อยคำ	toykham	90
ประหยัด	prayat	100
ประหยัด	prayad	85
กู้	ku	100
กู้	goo	90
กู้	gu	85
เหล่า	lao	100
ลาก	lak	100
เพียงใด	phiangdai	100
เพียงใด	piangdai	90
นี่แหละ	nila	100
นี่แหละ	neela	88
ค้นพบ	khonphop	100
ค้นพบ	konpop	85
ล่าสุด	lasut	100
ล่าสุด	lasud	85
สมบัติ	sombat	100
สมบัติ	sombut	85
จัดหา	jatha	100
จัดหา	jadha	85
ตำรา	tamra	100
ตำรา	tumra	85
ชู	choo	100
ชู	chu	90
ย้ำ	yam	100
วิจารณ์	wijan	100
วิจารณ์	wichan	90
ชั่วคราว	chuakrao	100
ชั่วคราว	chuakraw	85
ผู้ผลิต	phuphalit	100
ผู้ผลิต	puphalit	85
กวี	kawi	100
กวี	kavi	80
เข้มแข็ง	khemkhaeng	100
เข้มแข็ง	kemkaeng	90
เข้มแข็ง	khemkheng	80
สบ	sop	100
พิพากษา	phiphaksa	100
พิพากษา	pipaksa	90
ประชาธิปัตย์	prachatipat	100
ประชาธิปัตย์	prachathipat	90
ศักยภาพ	sakyaphap	100
ศักยภาพ	sakkayaphap	90
นี้เอง	nieng	100
นี้เอง	neeeng	85
นี้เอง	niieng	80
รู	ru	100
รู	roo	90
มีเสียง	misiang	100
มีเสียง	meesiang	90
ค่านิยม	khaniyom	100
ผืน	phuen	100
ผืน	puen	90
ผืน	pheun	85
เบิก	berk	100
เบิก	boek	85
เบิก	burk	80
ยาง	yang	100
ผิวหนัง	phiwnang	100
ผิวหนัง	piuhnang	85
ผิวหนัง	phiunang	80
มีด	meed	100
มีด	mit	85
ล้อ	lo	100
สถิติ	satiti	100
สถิติ	sathiti	90
กล้ามเนื้อ	klamnuea	100
กล้ามเนื้อ	klamnua	90
กล้ามเนื้อ	klamneua	85
ความรุนแรง	khwamrunraeng	100
ความรุนแรง	kwamrunrang	85
ประมง	pramong	100
จัดสรร	jatsan	100
จัดสรร	chatsan	85
ความดี	khwamdee	100
ความดี	kwamdee	90
ความพยายาม	khwamphayayam	100
ความพยายาม	kwampayayam	90
เสื่อม	sueam	100
เสื่อม	seuam	90
ยาเสพติด	yasebtid	100
ยาเสพติด	yaseptit	90
ยาเสพติด	yasephtid	80
ขวบ	khuap	100
ขวบ	kuab	85
สังกัด	sangkat	100
ลาออก	laork	100
ลาออก	laaork	85
เผชิญ	phachoen	100
เผชิญ	pachern	90
เผชิญ	phachern	85
วิน	win	100
ยุ่ง	yung	100
เทียน	tian	100
เทียน	thian	90
เทียน	tien	85
นอกเหนือ	noknuea	100
นอกเหนือ	nokneua	90
นอกเหนือ	noknua	80
พุ่ง	phung	100
พุ่ง	poong	85
คลอด	klod	100
คลอด	khlot	85
หมุน	moon	100
หมุน	mun	90
ชั่น	chan	100
สาธารณสุข	satharanasuk	100
สาธารณสุข	sataranasuk	90
สาธารณสุข	sathalanasuk	80
วัสดุ	watsadu	100
วัสดุ	wasadu	85
พระราชทาน	phrarachathan	100
พระราชทาน	prarachathan	90
พระราชทาน	phraratchathan	85
สูตร	sut	100
สูตร	soot	90
ลัทธิ	latthi	100
ลัทธิ	lathi	90
ฝึกอบรม	fuekoprom	100
ฝึกอบรม	feukoprom	90
ด่า	da	100
อุบัติเหตุ	ubatihet	100
อุบัติเหตุ	oobatihet	85
ทับ	tap	100
อุดมศึกษา	udomsuksa	100
อุดมศึกษา	udomseuksa	88
ไร	rai	100
ไร	ray	85
ดั้งเดิม	dangderm	100
ดั้งเดิม	dangdoem	85
ส่าย	sai	100
ส่าย	say	85
เคลื่อน	kluean	100
เคลื่อน	kluan	85
เคลื่อน	khluean	80
คิ้ว	kiw	100
คิ้ว	khiw	85
ผิดพลาด	pitplat	100
ผิดพลาด	phitphlat	85
ประดับ	pradap	100
ไหม้	mai	100
ไหม้	may	85
เสา	sao	100
เสา	sau	80
ครอง	krong	100
นักวิชาการ	nakwichakan	100
พอสมควร	phosomkhuan	100
พอสมควร	posomkuan	90
มายัง	mayang	100
อนุกรรมการ	anukammakan	100
อนุกรรมการ	anukrammakan	85
